id,nome,cidade,estado,bairro,status,fase,data_lancamento,data_entrega,total_unidades,preco_minimo,preco_m2_privativo,area_minima_m2,area_maxima_m2,quartos_min,quartos_max,suites_min,suites_max,vagas_min,vagas_max,andares,aptos_por_andar,estoque,finalidade,construtora,portfolio,atualizado_em,data_extracao
69089,Porto Bella Vista,Ponta Grossa,PR,Colônia Dona Luíza,Em construção,Em construção,01/09/2024,31/08/2026,121.0,235000.0,5550.0,42.34,46.47,2.0,2.0,0.0,0.0,1.0,1.0,,,12,Residencial,Rottas Construtora,Lançamento,05/06/2026 13:25:31,2026-06-29
69059,Campobello Gold - Fase 2,Ponta Grossa,PR,Colônia Dona Luíza,Em construção,Em construção,01/09/2024,31/08/2026,220.0,215000.0,5078.0,42.34,42.34,2.0,2.0,0.0,0.0,1.0,1.0,,,2,Residencial,Rottas Construtora,Lançamento,04/06/2026 10:46:05,2026-06-29
28611,Itá Rare Homes,Curitiba,PR,Juvevê,Pronto novo,Pronto novo,,,,1309422.4,13617.0,96.16,156.95,2.0,3.0,2.0,3.0,2.0,3.0,6.0,3.0,12,Residencial,TM3 Incorporadora PR,Lançamento,01/06/2026 18:39:38,2026-06-29
57358,Novo Prado Araucária,Curitiba,PR,Prado Velho,Em construção,Em construção,01/05/2024,15/12/2027,176.0,436693.35,9369.0,45.68,56.37,2.0,3.0,1.0,1.0,1.0,1.0,12.0,8.0,59,Residencial,Blue,Lançamento,08/06/2026 14:43:10,2026-06-29
22369,Allure Residencial,Curitiba,PR,Boa Vista,Pronto novo,Pronto novo,02/08/2021,30/07/2024,92.0,595676.82,9591.0,62.11,123.57,2.0,2.0,1.0,2.0,1.0,2.0,8.0,6.0,3,Residencial,Coral Engenharia,Lançamento,29/06/2026 09:59:33,2026-06-29
16616,Condomínio Mood,Curitiba,PR,Bacacheri,Pronto novo,Pronto novo,,,,970842.0,11808.0,82.22,212.49,2.0,3.0,1.0,2.0,1.0,3.0,6.0,8.0,13,Residencial,Coral Engenharia,Lançamento,29/06/2026 09:59:15,2026-06-29
76177,Lunetto - Lojas,Curitiba,PR,Água Verde,Em construção,Em construção,01/06/2022,30/06/2026,4.0,3587850.0,9000.0,398.65,398.65,0.0,0.0,0.0,0.0,0.0,0.0,1.0,4.0,1,Comercial,Pride,Lançamento,29/06/2026 09:54:33,2026-06-29
36149,Joy City Habitat,Curitiba,PR,Tingui,Pronto novo,Pronto novo,01/09/2022,30/04/2026,40.0,635442.48,8314.0,76.43,76.43,3.0,3.0,1.0,1.0,1.0,1.0,5.0,8.0,1,Residencial,Hype,Lançamento,29/06/2026 09:52:36,2026-06-29
28671,Temple Batel,Curitiba,PR,Batel,Pronto novo,Pronto novo,01/02/2022,30/11/2024,102.0,964300.0,18305.0,40.25,53.87,1.0,1.0,0.0,0.0,0.0,0.0,10.0,12.0,6,Residencial,GT Building,Lançamento,29/06/2026 09:52:36,2026-06-29
29716,Lunetto - Residencial,Curitiba,PR,Água Verde,Em construção,Em construção,01/06/2022,30/06/2026,175.0,406700.0,13843.0,29.38,29.38,1.0,1.0,0.0,0.0,0.0,0.0,17.0,15.0,1,Residencial,Pride,Lançamento,29/06/2026 09:52:36,2026-06-29
72207,Fresta Hype Living,Curitiba,PR,Centro,Em construção,Lançamento,15/04/2026,31/12/2030,766.0,350900.0,14548.0,23.86,48.36,1.0,2.0,0.0,1.0,0.0,0.0,32.0,30.0,127,Residencial,Hype,Lançamento,29/06/2026 09:50:28,2026-06-29
79265,Mavie,Curitiba,PR,Boa Vista,Em construção,Lançamento,13/02/2026,30/09/2028,64.0,514737.72,9133.0,56.36,77.77,2.0,3.0,1.0,1.0,1.0,2.0,8.0,8.0,49,Residencial,Coral Engenharia,Lançamento,29/06/2026 09:49:03,2026-06-29
66367,Give City Habitat,Curitiba,PR,Capão Raso,Em construção,Em construção,07/01/2025,02/04/2029,126.0,319900.0,11441.0,27.35,58.22,1.0,2.0,0.0,1.0,0.0,1.0,7.0,18.0,30,Residencial,Hype,Lançamento,29/06/2026 09:46:14,2026-06-29
34850,TJM 526,Curitiba,PR,Capão Raso,Pronto novo,Pronto novo,01/08/2022,20/12/2025,36.0,514442.27,10962.0,46.86,49.58,2.0,2.0,0.0,1.0,1.0,2.0,7.0,6.0,4,Residencial,Treèle,Lançamento,29/06/2026 09:42:48,2026-06-29
40095,Audace,Curitiba,PR,Centro,Em construção,Em construção,,,,739100.0,12386.0,59.67,133.31,2.0,2.0,1.0,1.0,1.0,2.0,8.0,6.0,4,Residencial,Pride,Lançamento,29/06/2026 09:39:47,2026-06-29
72590,Explore Botânico - Lojas,Curitiba,PR,Cristo Rei,Pronto novo,Pronto novo,01/11/2021,30/05/2025,3.0,,,,,,,,,,,1.0,3.0,0,Comercial,GT Building,Lançamento,29/06/2026 09:34:18,2026-06-29
64406,Sorano,Curitiba,PR,Novo Mundo,Em construção,Em construção,01/11/2024,30/11/2028,375.0,299700.0,11874.0,24.24,47.94,1.0,2.0,0.0,1.0,0.0,1.0,18.0,15.0,66,Residencial,Pride,Lançamento,29/06/2026 09:28:13,2026-06-29
49233,Blentt - Lojas,Curitiba,PR,Portão,Em construção,Em construção,01/07/2023,01/07/2027,3.0,975847.42,14661.0,66.56,159.25,0.0,0.0,0.0,0.0,2.0,2.0,1.0,3.0,3,Comercial,ATR Incorporadora PR,Lançamento,29/06/2026 09:25:01,2026-06-29
52284,Zait,Curitiba,PR,Mercês,Em construção,Em construção,01/12/2023,31/07/2027,68.0,490100.0,15500.0,31.03,107.86,1.0,1.0,0.0,1.0,0.0,0.0,9.0,8.0,16,Residencial,Pride,Lançamento,29/06/2026 09:22:53,2026-06-29
70491,Casa Jobim,Curitiba,PR,Campina do Siqueira,Em construção,Em construção,26/06/2025,30/06/2029,61.0,2337550.0,19835.0,117.85,214.58,2.0,3.0,2.0,3.0,2.0,3.0,32.0,3.0,29,Residencial,GT Building,Lançamento,29/06/2026 09:22:50,2026-06-29
63155,New Place Pinheirinho,Curitiba,PR,Pinheirinho,Pronto novo,Pronto novo,01/04/2024,28/12/2025,56.0,388353.95,2551.0,152.23,253.35,0.0,0.0,0.0,0.0,0.0,0.0,,,18,Residencial,Incorporare,Lançamento,29/06/2026 09:19:51,2026-06-29
23404,Condomínio Colinas do Norte,Curitiba,PR,Santa Cândida,Pronto novo,Pronto novo,01/07/2021,30/03/2024,160.0,380187.37,7911.0,45.19,48.06,2.0,2.0,0.0,0.0,1.0,1.0,4.0,8.0,3,Residencial,Treèle,Lançamento,29/06/2026 09:18:34,2026-06-29
35183,Uno Solare,Curitiba,PR,Portão,Em construção,Em construção,01/10/2022,31/12/2026,188.0,385700.0,12580.0,30.66,30.66,1.0,1.0,0.0,0.0,0.0,0.0,22.0,9.0,8,Residencial,Pride,Lançamento,29/06/2026 09:07:02,2026-06-29
73019,Core Silva Jardim,Curitiba,PR,Rebouças,Em construção,Em construção,03/09/2025,30/09/2028,241.0,394770.82,17315.0,22.8,25.65,1.0,1.0,0.0,0.0,0.0,0.0,21.0,16.0,4,Residencial,Gadens,Lançamento,29/06/2026 09:04:48,2026-06-29
71776,Bliss Cuore - Fase 1,Curitiba,PR,Hauer,Em construção,Em construção,08/08/2025,29/02/2028,64.0,556391.38,8944.0,62.21,62.21,2.0,2.0,1.0,1.0,1.0,1.0,8.0,4.0,43,Residencial,Incorporare,Lançamento,29/06/2026 09:01:31,2026-06-29
72166,New Place Pinheirinho II,Curitiba,PR,Pinheirinho,Em construção,Em construção,01/06/2025,30/06/2028,31.0,309253.46,1599.0,147.0,284.1,0.0,0.0,0.0,0.0,0.0,0.0,,,17,Residencial,Incorporare,Lançamento,29/06/2026 08:53:51,2026-06-29
72205,Bliss Cuore - Fase 2,Curitiba,PR,Hauer,Em construção,Em construção,08/08/2025,08/08/2028,128.0,556391.38,8944.0,62.21,75.14,2.0,3.0,1.0,1.0,1.0,1.0,8.0,4.0,68,Residencial,Incorporare,Lançamento,29/06/2026 08:46:47,2026-06-29
69234,Cosmo Hype Living,Curitiba,PR,Alto da Rua XV,Em construção,Em construção,31/07/2025,31/07/2029,128.0,417900.0,15770.0,26.23,70.97,1.0,3.0,0.0,2.0,0.0,2.0,7.0,22.0,37,Residencial,Hype,Lançamento,29/06/2026 08:36:02,2026-06-29
56884,Kóra,Curitiba,PR,Portão,Em construção,Em construção,03/06/2024,28/12/2027,84.0,1070455.9,12347.0,81.4,125.9,2.0,3.0,1.0,3.0,1.0,2.0,19.0,5.0,44,Residencial,AGL,Lançamento,29/06/2026 08:33:57,2026-06-29
69898,Core Palácio,Curitiba,PR,Centro,Em construção,Em construção,01/07/2025,31/08/2028,429.0,356965.62,15670.0,22.46,53.8,1.0,2.0,0.0,1.0,0.0,1.0,19.0,26.0,115,Residencial,Gadens,Lançamento,29/06/2026 08:30:18,2026-06-29
25320,Explore Botânico - Residencial,Curitiba,PR,Cristo Rei,Pronto novo,Pronto novo,01/11/2021,30/05/2025,184.0,909650.0,11685.0,63.4,81.22,2.0,3.0,1.0,1.0,1.0,1.0,27.0,8.0,10,Residencial,GT Building,Lançamento,29/06/2026 08:26:55,2026-06-29
70152,Turin,Curitiba,PR,Batel,Em construção,Em construção,15/06/2024,27/04/2027,135.0,725830.0,22375.0,31.58,71.81,1.0,2.0,0.0,1.0,0.0,0.0,18.0,9.0,40,Residencial,GT Building,Lançamento,29/06/2026 08:25:10,2026-06-29
47096,Amáz,Curitiba,PR,Mercês,Em construção,Em construção,01/05/2023,30/09/2026,45.0,3821660.0,19935.0,164.76,308.66,3.0,4.0,3.0,4.0,3.0,4.0,8.0,3.0,21,Residencial,GT Building,Lançamento,29/06/2026 08:23:09,2026-06-29
56756,Lange,Curitiba,PR,Batel,Em construção,Em construção,15/06/2024,27/04/2027,273.0,638670.0,24803.0,25.0,93.0,1.0,2.0,0.0,1.0,0.0,1.0,10.0,12.0,57,Residencial,GT Building,Lançamento,29/06/2026 08:21:11,2026-06-29
68369,Bosque Hype Casa Nativa,Curitiba,PR,São Francisco,Em construção,Em construção,24/04/2025,30/09/2028,41.0,416900.0,17249.0,24.17,85.09,1.0,2.0,0.0,2.0,0.0,1.0,4.0,12.0,8,Residencial,Hype,Lançamento,29/06/2026 08:21:11,2026-06-29
66329,Bliss Campus,Curitiba,PR,Prado Velho,Em construção,Em construção,01/12/2024,28/12/2026,64.0,583282.13,7740.0,75.36,75.36,3.0,3.0,1.0,1.0,1.0,1.0,8.0,4.0,12,Residencial,Incorporare,Lançamento,29/06/2026 08:21:11,2026-06-29
74026,Linea,Curitiba,PR,Portão,Em construção,Em construção,01/10/2025,31/12/2029,230.0,1008580.0,15514.0,62.64,89.8,2.0,3.0,1.0,2.0,1.0,1.0,33.0,8.0,76,Residencial,GT Building,Lançamento,29/06/2026 08:17:05,2026-06-29
6005,Bosco Centrale,Curitiba,PR,Centro,Pronto novo,Pronto novo,01/04/2020,30/01/2023,99.0,982702.05,13514.0,72.72,116.37,2.0,3.0,1.0,1.0,1.0,2.0,22.0,6.0,15,Residencial,Gadens,Lançamento,29/06/2026 08:17:02,2026-06-29
30713,Sou Ecoville,Curitiba,PR,Cidade Industrial,Pronto novo,Pronto novo,,,,549570.0,12468.0,44.08,44.08,2.0,2.0,0.0,0.0,1.0,1.0,7.0,12.0,1,Residencial,GT Building,Lançamento,29/06/2026 08:17:02,2026-06-29
19698,Casa Milano,Curitiba,PR,Bigorrilho,Pronto novo,Pronto novo,,,,2627030.0,20685.0,127.0,315.0,2.0,4.0,2.0,4.0,2.0,4.0,30.0,4.0,6,Residencial,GT Building,Lançamento,29/06/2026 08:16:52,2026-06-29
82216,Hauer 4You,Curitiba,PR,Hauer,Em construção,Lançamento,19/05/2026,30/11/2029,480.0,268700.0,11049.0,24.32,44.86,1.0,2.0,0.0,0.0,0.0,0.0,4.0,12.0,196,Residencial,Pride,Lançamento,29/06/2026 08:16:35,2026-06-29
64404,The Pineyards,Curitiba,PR,Cabral,Em construção,Em construção,01/11/2024,28/12/2027,51.0,2346360.0,18825.0,123.67,236.37,2.0,4.0,1.0,4.0,2.0,4.0,8.0,4.0,20,Residencial,GT Building,Lançamento,29/06/2026 08:13:33,2026-06-29
54051,Atlân,Curitiba,PR,Água Verde,Em construção,Em construção,31/01/2024,30/12/2026,60.0,1910550.0,21053.0,90.75,267.85,2.0,3.0,1.0,3.0,2.0,3.0,8.0,4.0,15,Residencial,GT Building,Lançamento,29/06/2026 08:13:32,2026-06-29
57124,Core Faivre,Curitiba,PR,Centro,Em construção,Em construção,01/05/2024,28/05/2027,238.0,303944.49,16099.0,18.85,37.51,1.0,2.0,0.0,0.0,0.0,0.0,20.0,14.0,24,Residencial,Gadens,Lançamento,29/06/2026 08:13:31,2026-06-29
56949,Stone Urban Habitat,Curitiba,PR,Novo Mundo,Em construção,Em construção,01/04/2024,30/04/2028,70.0,681900.0,9467.0,70.91,72.03,3.0,3.0,1.0,1.0,1.0,2.0,7.0,10.0,2,Residencial,Hype,Lançamento,29/06/2026 08:06:29,2026-06-29
54768,Galeria Hype Casa Nativa,Curitiba,PR,Juvevê,Em construção,Em construção,11/03/2024,30/03/2028,42.0,892278.48,12705.0,70.23,107.95,3.0,3.0,1.0,3.0,1.0,2.0,7.0,6.0,23,Residencial,Hype,Lançamento,29/06/2026 07:55:38,2026-06-29
66211,High City Habitat 2 (Torre C),Curitiba,PR,Novo Mundo,Em construção,Em construção,01/02/2023,25/11/2026,70.0,352900.0,12016.0,29.37,70.1,1.0,3.0,0.0,1.0,0.0,1.0,7.0,10.0,4,Residencial,Hype,Lançamento,29/06/2026 07:53:18,2026-06-29
49332,Blossom Urban Habitat,Curitiba,PR,Bacacheri,Em construção,Em construção,04/06/2023,30/11/2027,49.0,553900.0,9573.0,57.86,71.75,2.0,3.0,1.0,1.0,1.0,1.0,7.0,8.0,2,Residencial,Hype,Lançamento,29/06/2026 07:49:06,2026-06-29
57684,Fortune,Curitiba,PR,Hauer,Em construção,Em construção,19/07/2024,28/10/2027,80.0,474025.27,11068.0,42.83,56.67,2.0,3.0,1.0,1.0,1.0,1.0,9.0,10.0,15,Residencial,Realmarka Construções,Lançamento,29/06/2026 07:45:58,2026-06-29
35302,Concept Le Monde,Curitiba,PR,Portão,Em construção,Em construção,28/07/2022,31/12/2026,200.0,581982.51,11385.0,51.12,70.0,2.0,3.0,0.0,1.0,1.0,2.0,9.0,26.0,15,Residencial,Realmarka Construções,Lançamento,29/06/2026 07:43:48,2026-06-29
47704,Cravo Casa Nativa,Curitiba,PR,Portão,Em construção,Em construção,02/05/2023,15/11/2027,28.0,746234.48,11276.0,66.18,128.33,2.0,3.0,1.0,3.0,1.0,2.0,7.0,4.0,11,Residencial,Hype,Lançamento,29/06/2026 07:41:03,2026-06-29
36150,Nest Urban Habitat,Curitiba,PR,Bacacheri,Em construção,Em construção,01/09/2022,30/09/2026,56.0,627900.0,10137.0,61.94,86.91,2.0,3.0,1.0,2.0,1.0,2.0,8.0,7.0,3,Residencial,Hype,Lançamento,29/06/2026 07:41:02,2026-06-29
62038,Opulus,Curitiba,PR,Água Verde,Em construção,Em construção,01/08/2024,31/08/2026,28.0,1150398.49,14688.0,78.15,141.81,2.0,4.0,1.0,3.0,1.0,2.0,8.0,4.0,16,Residencial,Coral Engenharia,Lançamento,29/06/2026 07:36:50,2026-06-29
62131,Idea Studi Inteligenti,Curitiba,PR,Boa Vista,Em construção,Em construção,02/04/2023,28/07/2026,255.0,314995.07,10689.0,27.58,35.5,1.0,1.0,0.0,0.0,0.0,0.0,9.0,29.0,98,Residencial,Coral Engenharia,Lançamento,29/06/2026 07:36:34,2026-06-29
51945,Mantiqueira,Curitiba,PR,Bairro Alto,Em construção,Em construção,20/09/2023,30/06/2028,42.0,490500.0,10084.0,48.64,103.13,2.0,3.0,0.0,1.0,1.0,2.0,7.0,6.0,22,Residencial,Quest Construtora,Lançamento,29/06/2026 07:32:04,2026-06-29
76046,Harmony Gardens,Curitiba,PR,Campo Comprido,Em construção,Em construção,03/11/2025,30/11/2027,114.0,901193.08,5632.0,152.0,424.65,0.0,0.0,0.0,0.0,0.0,0.0,,,79,Residencial,Andrade Ribeiro,Lançamento,29/06/2026 07:26:16,2026-06-29
52282,Augen,Curitiba,PR,Campina do Siqueira,Em construção,Em construção,01/12/2023,31/12/2026,72.0,967300.0,14498.0,66.72,66.72,2.0,2.0,1.0,1.0,1.0,1.0,13.0,6.0,1,Residencial,Pride,Lançamento,29/06/2026 07:21:43,2026-06-29
76372,Dot - Residencial,Curitiba,PR,Capão Raso,Em construção,Em construção,30/11/2025,30/04/2029,152.0,335000.0,11318.0,29.6,60.0,1.0,2.0,0.0,1.0,0.0,2.0,23.0,8.0,111,Residencial,Quest Construtora,Lançamento,29/06/2026 07:19:55,2026-06-29
76377,Dot - Lojas,Curitiba,PR,Capão Raso,Em construção,Em construção,30/11/2025,30/04/2029,16.0,320500.0,7467.0,42.92,126.96,0.0,0.0,0.0,0.0,0.0,0.0,1.0,16.0,3,Comercial,Quest Construtora,Lançamento,29/06/2026 07:14:34,2026-06-29
48338,Serra Dourada,Curitiba,PR,Bairro Alto,Em construção,Em construção,21/09/2023,20/12/2026,98.0,414897.01,12322.0,33.67,66.08,1.0,3.0,0.0,1.0,0.0,1.0,13.0,12.0,26,Residencial,Treèle,Lançamento,29/06/2026 07:14:03,2026-06-29
71186,Naví Garcia,Curitiba,PR,Boqueirão,Em construção,Em construção,01/08/2025,30/06/2027,20.0,283342.17,9660.0,29.33,115.71,1.0,3.0,0.0,1.0,0.0,2.0,4.0,6.0,16,Residencial,ACKL Empreendimentos,Lançamento,29/06/2026 07:09:41,2026-06-29
50112,Moní,Curitiba,PR,Alto da Glória,Em construção,Em construção,11/11/2023,30/11/2026,123.0,404478.3,14698.0,26.87,91.78,1.0,2.0,0.0,2.0,0.0,2.0,9.0,17.0,20,Residencial,AGL,Lançamento,29/06/2026 06:56:49,2026-06-29
28948,Sollaris Residencial,Curitiba,PR,Tingui,Pronto novo,Pronto novo,30/01/2022,15/12/2023,42.0,553006.94,7658.0,56.98,72.21,2.0,2.0,1.0,1.0,1.0,1.0,8.0,6.0,3,Residencial,Coral Engenharia,Lançamento,29/06/2026 06:15:57,2026-06-29
62200,Atmos,Curitiba,PR,Centro,Em construção,Em construção,22/11/2024,30/09/2028,326.0,419597.68,18901.0,22.2,40.45,1.0,2.0,0.0,0.0,0.0,0.0,15.0,28.0,3,Residencial,ATR Incorporadora PR,Lançamento,29/06/2026 06:13:43,2026-06-29
79623,Sonatta Home Club,Curitiba,PR,Vila Izabel,Em construção,Lançamento,19/03/2026,30/04/2030,85.0,1022035.11,14169.0,72.13,182.77,3.0,3.0,1.0,3.0,1.0,2.0,8.0,6.0,30,Residencial,ATR Incorporadora PR,Lançamento,29/06/2026 06:10:55,2026-06-29
43504,Mozine Wellness Design,Curitiba,PR,Juvevê,Em construção,Em construção,19/06/2023,11/05/2027,26.0,2137914.63,15605.0,137.0,137.0,4.0,4.0,4.0,4.0,2.0,2.0,8.0,5.0,1,Residencial,ATR Incorporadora PR,Lançamento,29/06/2026 06:04:19,2026-06-29
49232,Blentt - Residencial,Curitiba,PR,Portão,Em construção,Em construção,01/07/2023,01/07/2027,84.0,693940.63,11964.0,58.0,119.58,2.0,3.0,1.0,3.0,0.0,1.0,12.0,14.0,7,Residencial,ATR Incorporadora PR,Lançamento,29/06/2026 05:35:30,2026-06-29
69427,Bioma,Curitiba,PR,Ahú,Em construção,Em construção,01/09/2025,05/12/2029,50.0,1369965.1,14812.0,90.0,309.44,2.0,4.0,1.0,4.0,2.0,3.0,8.0,8.0,24,Residencial,ATR Incorporadora PR,Lançamento,29/06/2026 05:35:15,2026-06-29
66296,Tekoá,Curitiba,PR,São Francisco,Em construção,Em construção,08/04/2025,30/08/2026,71.0,342051.03,11171.0,27.0,49.0,1.0,1.0,0.0,1.0,0.0,0.0,6.0,12.0,40,Residencial,Coral Engenharia,Lançamento,29/06/2026 04:28:20,2026-06-29
27802,Easy Vila Izabel,Curitiba,PR,Vila Izabel,Pronto novo,Pronto novo,01/09/2021,27/11/2025,48.0,363900.0,10703.0,34.0,34.0,2.0,2.0,0.0,0.0,0.0,0.0,8.0,6.0,1,Residencial,Basesul,Lançamento,27/06/2026 17:06:16,2026-06-29
62305,Lothus,Curitiba,PR,Seminário,Pronto novo,Pronto novo,01/08/2022,28/12/2024,18.0,900000.0,11012.0,81.73,134.05,3.0,3.0,1.0,1.0,1.0,2.0,6.0,3.0,8,Residencial,Realiza Construções,Lançamento,27/06/2026 08:41:26,2026-06-29
72208,Sublime,Curitiba,PR,Batel,Em construção,Em construção,15/08/2025,31/08/2028,16.0,5800000.0,23786.0,243.0,849.69,3.0,5.0,3.0,5.0,3.0,5.0,6.0,3.0,10,Residencial,Bouw,Lançamento,27/06/2026 01:46:18,2026-06-29
38720,High City Habitat 1 (Torre A e B),Curitiba,PR,Novo Mundo,Em construção,Em construção,01/02/2023,25/11/2026,130.0,580900.0,10055.0,57.77,66.04,2.0,3.0,1.0,1.0,1.0,1.0,7.0,10.0,7,Residencial,Hype,Lançamento,26/06/2026 20:06:14,2026-06-29
42424,Morá Refúgio Urbano,Curitiba,PR,Centro,Pronto novo,Pronto novo,15/04/2023,30/11/2025,240.0,676700.0,13165.0,51.4,51.4,2.0,2.0,0.0,0.0,0.0,1.0,18.0,16.0,24,Residencial,Gadens,Lançamento,26/06/2026 20:01:46,2026-06-29
80019,Rocca,Curitiba,PR,Boa Vista,Em construção,Lançamento,25/03/2026,30/12/2028,107.0,292542.25,9833.0,29.75,133.68,1.0,3.0,0.0,1.0,0.0,2.0,13.0,10.0,71,Residencial,Auten,Lançamento,26/06/2026 16:36:51,2026-06-29
53143,Hike,Curitiba,PR,Boa Vista,Em construção,Em construção,25/06/2024,30/03/2027,45.0,699700.0,10917.0,64.09,181.68,2.0,3.0,1.0,1.0,1.0,2.0,8.0,6.0,15,Residencial,Auten,Lançamento,26/06/2026 16:33:56,2026-06-29
4178,Mandala,Curitiba,PR,Água Verde,Pronto novo,Pronto novo,30/10/2013,30/03/2017,140.0,,,,,,,,,,,8.0,6.0,0,Residencial,GT Building,Lançamento,26/06/2026 15:35:55,2026-06-29
5785,Denmark,Curitiba,PR,Cabral,Pronto novo,Pronto novo,01/08/2019,30/08/2022,31.0,,,,,,,,,,,8.0,2.0,0,Residencial,GT Building,Lançamento,26/06/2026 15:35:55,2026-06-29
16508,All Batel,Curitiba,PR,Batel,Pronto novo,Pronto novo,01/12/2020,31/01/2024,349.0,,,,,,,,,,,19.0,24.0,0,Residencial,GT Building,Lançamento,26/06/2026 15:35:55,2026-06-29
917,Seventh Avenue - Gallery,Curitiba,PR,Centro,Pronto novo,Pronto novo,01/11/2011,01/03/2015,8.0,,,,,,,,,,,1.0,8.0,0,Comercial,GT Building,Lançamento,26/06/2026 15:35:55,2026-06-29
1521,Rio Rhône Residence,Curitiba,PR,Batel,Pronto novo,Pronto novo,01/04/2017,01/04/2020,21.0,,,,,,,,,,,21.0,1.0,0,Residencial,GT Building,Lançamento,26/06/2026 15:35:55,2026-06-29
8992,Maison Alto da Glória,Curitiba,PR,Alto da Glória,Pronto novo,Pronto novo,,,,,,,,,,,,,,8.0,6.0,0,Residencial,GT Building,Lançamento,26/06/2026 15:35:55,2026-06-29
3988,Duet Mercês,Curitiba,PR,Mercês,Pronto novo,Pronto novo,01/10/2019,31/10/2021,61.0,,,,,,,,,,,8.0,9.0,0,Residencial,GT Building,Lançamento,26/06/2026 15:35:55,2026-06-29
3991,Villa Glória,Curitiba,PR,Alto da Glória,Pronto novo,Pronto novo,01/07/2019,31/07/2021,68.0,,,,,,,,,,,8.0,10.0,0,Residencial,GT Building,Lançamento,26/06/2026 15:35:55,2026-06-29
866,Win Água Verde,Curitiba,PR,Água Verde,Pronto novo,Pronto novo,01/01/2015,31/10/2017,112.0,,,,,,,,,,,8.0,8.0,0,Residencial,GT Building,Lançamento,26/06/2026 15:35:55,2026-06-29
865,Time Express Offices,Curitiba,PR,Cristo Rei,Pronto novo,Pronto novo,10/09/2015,30/01/2018,244.0,,,,,,,,,,,13.0,22.0,0,Comercial,GT Building,Lançamento,26/06/2026 15:35:55,2026-06-29
1532,Maison 29,Curitiba,PR,Mercês,Pronto novo,Pronto novo,01/11/2016,01/12/2019,50.0,,,,,,,,,,,7.0,4.0,0,Residencial,GT Building,Lançamento,26/06/2026 15:35:55,2026-06-29
25318,Human Batel,Curitiba,PR,Batel,Pronto novo,Pronto novo,01/07/2021,30/05/2024,118.0,408000.0,18247.0,22.36,37.71,0.0,0.0,0.0,0.0,0.0,0.0,8.0,17.0,7,Comercial,GT Building,Lançamento,26/06/2026 15:35:55,2026-06-29
869,Sellect,Curitiba,PR,Cabral,Pronto novo,Pronto novo,01/02/2013,01/05/2016,64.0,,,,,,,,,,,20.0,4.0,0,Residencial,GT Building,Lançamento,26/06/2026 15:35:55,2026-06-29
82918,A. Andersen - Comercial,Curitiba,PR,Batel,Em construção,Lançamento,06/05/2026,30/09/2029,17.0,517650.0,17056.0,30.35,41.02,0.0,0.0,0.0,0.0,0.0,0.0,19.0,10.0,2,Comercial,GT Building,Lançamento,26/06/2026 15:35:55,2026-06-29
870,Torre Vivere,Curitiba,PR,Água Verde,Pronto novo,Pronto novo,31/07/2016,31/07/2016,42.0,,,,,,,,,,,26.0,2.0,0,Residencial,GT Building,Lançamento,26/06/2026 15:35:55,2026-06-29
878,Residence Centro Cívico,Curitiba,PR,Centro Cívico,Pronto novo,Pronto novo,20/08/2011,31/08/2016,170.0,,,,,,,,,,,37.0,12.0,0,Residencial,GT Building,Lançamento,26/06/2026 15:35:55,2026-06-29
82916,A. Andersen - Residencial,Curitiba,PR,Batel,Em construção,Lançamento,06/05/2026,30/09/2029,197.0,609390.0,22127.0,26.56,34.77,1.0,1.0,0.0,0.0,0.0,0.0,19.0,19.0,26,Residencial,GT Building,Lançamento,26/06/2026 15:35:55,2026-06-29
82917,A. Andersen - Lojas,Curitiba,PR,Cristo Rei,Em construção,Lançamento,01/05/2026,30/09/2029,1.0,,,,,,,,,,,1.0,1.0,0,Comercial,GT Building,Lançamento,26/06/2026 15:35:55,2026-06-29
863,Seventh Avenue - Oxford Residence,Curitiba,PR,Centro,Pronto novo,Pronto novo,01/11/2011,01/03/2015,565.0,,,,,,,,,,,39.0,25.0,0,Residencial,GT Building,Lançamento,26/06/2026 15:35:55,2026-06-29
864,Seventh Avenue - Chelsea Offices,Curitiba,PR,Rebouças,Pronto novo,Pronto novo,01/11/2011,01/03/2015,120.0,,,,,,,,,,,20.0,10.0,0,Comercial,GT Building,Lançamento,26/06/2026 15:35:55,2026-06-29
860,Green Center Office,Curitiba,PR,Centro,Pronto novo,Pronto novo,01/12/2012,31/08/2016,204.0,,,,,,,,,,,15.0,17.0,0,Comercial,GT Building,Lançamento,26/06/2026 15:35:55,2026-06-29
861,Torre Attività,Curitiba,PR,Água Verde,Pronto novo,Pronto novo,01/01/2014,01/01/2016,267.0,,,,,,,,,,,27.0,12.0,0,Comercial,GT Building,Lançamento,26/06/2026 15:35:55,2026-06-29
862,Viva Vida Residencial,Curitiba,PR,Capão Raso,Pronto novo,Pronto novo,01/05/2012,01/08/2016,272.0,,,,,,,,,,,15.0,10.0,0,Residencial,GT Building,Lançamento,26/06/2026 15:35:55,2026-06-29
25338,Jardins Getúlio,Curitiba,PR,Vila Izabel,Pronto novo,Pronto novo,01/03/2021,30/07/2022,22.0,,,,,,,,,,,7.0,4.0,0,Residencial,GT Building,Lançamento,26/06/2026 15:35:55,2026-06-29
30714,OÁS Barigui,Curitiba,PR,Bigorrilho,Em construção,Em construção,01/01/2023,30/06/2027,60.0,3227310.0,19592.0,164.73,286.11,3.0,4.0,3.0,4.0,2.0,4.0,50.0,2.0,15,Residencial,GT Building,Lançamento,26/06/2026 15:35:55,2026-06-29
3989,By The Club,Curitiba,PR,Água Verde,Pronto novo,Pronto novo,01/07/2018,31/07/2020,15.0,,,,,,,,,,,8.0,2.0,0,Residencial,GT Building,Lançamento,26/06/2026 15:35:55,2026-06-29
3990,Maison Champagnat,Curitiba,PR,Champagnat,Pronto novo,Pronto novo,09/08/2019,30/09/2021,44.0,,,,,,,,,,,8.0,6.0,0,Residencial,GT Building,Lançamento,26/06/2026 15:35:55,2026-06-29
2446,Paramount,Curitiba,PR,Mossunguê,Pronto novo,Pronto novo,01/05/2013,31/05/2016,28.0,,,,,,,,,,,30.0,1.0,0,Residencial,GT Building,Lançamento,26/06/2026 15:35:55,2026-06-29
2451,All You Need,Curitiba,PR,Centro,Pronto novo,Pronto novo,01/10/2016,31/10/2019,324.0,,,,,,,,,,,21.0,21.0,0,Residencial,GT Building,Lançamento,26/06/2026 15:35:55,2026-06-29
859,Green Center Residence,Curitiba,PR,Centro,Pronto novo,Pronto novo,01/12/2012,31/08/2016,306.0,,,,,,,,,,,23.0,18.0,0,Residencial,GT Building,Lançamento,26/06/2026 15:35:54,2026-06-29
30718,Ares Juvevê,Curitiba,PR,Juvevê,Pronto novo,Pronto novo,01/08/2022,28/02/2025,73.0,783963.64,13997.0,55.29,157.87,2.0,3.0,1.0,1.0,1.0,2.0,8.0,10.0,17,Residencial,Gadens,Lançamento,26/06/2026 13:53:39,2026-06-29
77000,Tauá,Curitiba,PR,Juvevê,Em construção,Em construção,04/12/2025,01/12/2029,50.0,2119175.0,14348.0,147.7,295.0,3.0,4.0,3.0,4.0,2.0,4.0,9.0,8.0,34,Residencial,Dreamis Incorporadora,Lançamento,26/06/2026 11:12:26,2026-06-29
83090,Ethan - Breve Lançamento,Curitiba,PR,Ahú,Em construção,Lançamento,,,,0.1,0.0,20.4,30.7,1.0,1.0,0.0,0.0,0.0,0.0,8.0,5.0,31,Residencial,Thal Engenharia,Lançamento,25/06/2026 21:07:31,2026-06-29
73074,Áurea,Curitiba,PR,Campina do Siqueira,Em construção,Em construção,01/12/2024,31/03/2027,4.0,2890900.0,9507.0,304.09,318.76,3.0,3.0,3.0,3.0,3.0,4.0,,,4,Residencial,GJR Empreendimentos,Lançamento,25/06/2026 20:41:46,2026-06-29
76896,F1 Studios,Curitiba,PR,Hauer,Em construção,Em construção,01/03/2025,31/12/2026,50.0,218890.0,9950.0,22.0,88.39,1.0,1.0,0.0,1.0,0.0,1.0,4.0,14.0,12,Residencial,Arbo Empreendimentos,Lançamento,25/06/2026 16:18:04,2026-06-29
65877,Compass Coliving,Curitiba,PR,Centro,Em construção,Em construção,01/11/2023,28/07/2026,161.0,293867.7,17639.0,16.32,33.7,1.0,1.0,0.0,1.0,0.0,1.0,10.0,19.0,14,Residencial,Jal Empreendimentos,Lançamento,25/06/2026 15:38:10,2026-06-29
51058,Oká Bacacheri,Curitiba,PR,Bacacheri,Pronto novo,Pronto novo,01/10/2023,30/04/2026,23.0,1550000.0,7334.0,211.35,247.3,3.0,3.0,3.0,3.0,2.0,2.0,,,12,Residencial,CGL,Lançamento,25/06/2026 11:18:52,2026-06-29
30588,Trebbiano Residencial - Fase 2,Curitiba,PR,Campo Comprido,Pronto novo,Pronto novo,01/07/2022,31/08/2025,116.0,1174289.49,15747.0,74.57,194.31,2.0,3.0,1.0,3.0,1.0,2.0,11.0,6.0,17,Residencial,Equilíbrio,Lançamento,25/06/2026 09:56:16,2026-06-29
36466,Gran Solare,Curitiba,PR,Cristo Rei,Pronto novo,Pronto novo,01/09/2022,31/08/2025,42.0,1365881.06,13607.0,100.38,159.71,2.0,3.0,2.0,3.0,2.0,2.0,17.0,3.0,9,Residencial,Equilíbrio,Lançamento,25/06/2026 09:53:12,2026-06-29
35038,Plural,Curitiba,PR,Água Verde,Pronto novo,Pronto novo,01/09/2022,30/11/2025,46.0,467400.19,15215.0,30.72,86.89,1.0,2.0,0.0,2.0,0.0,1.0,9.0,8.0,11,Residencial,Construtora Pessoa,Lançamento,24/06/2026 15:11:52,2026-06-29
63517,Porto Alto,Curitiba,PR,Mercês,Em construção,Em construção,01/09/2024,30/10/2026,24.0,1579038.65,17235.0,91.62,267.44,3.0,3.0,1.0,3.0,2.0,3.0,4.0,6.0,15,Residencial,Construtora Pessoa,Lançamento,24/06/2026 15:11:52,2026-06-29
5439,Edifício Villa Bellazza,Curitiba,PR,Mossunguê,Pronto novo,Pronto novo,01/04/2012,30/04/2018,7.0,,,,,,,,,,,7.0,1.0,0,Residencial,Construtora Pessoa,Lançamento,24/06/2026 15:11:52,2026-06-29
64405,Oslo,Curitiba,PR,Santa Quitéria,Em construção,Em construção,12/12/2024,30/03/2027,30.0,767458.21,11943.0,64.26,90.96,2.0,3.0,1.0,2.0,1.0,2.0,6.0,5.0,16,Residencial,Construtora Pessoa,Lançamento,24/06/2026 15:11:52,2026-06-29
69526,Manhã,Curitiba,PR,Batel,Em construção,Em construção,07/05/2025,31/05/2028,30.0,5992078.0,24011.0,249.56,249.56,3.0,3.0,3.0,3.0,3.0,3.0,10.0,3.0,15,Residencial,Bidese,Lançamento,24/06/2026 11:56:59,2026-06-29
68167,Cedrat,Curitiba,PR,Água Verde,Em construção,Em construção,01/03/2025,30/06/2029,92.0,2002000.0,14199.0,141.0,159.0,2.0,3.0,2.0,3.0,2.0,3.0,34.0,4.0,49,Residencial,Cima,Lançamento,24/06/2026 11:56:13,2026-06-29
82035,Casa Constant,Curitiba,PR,Alto da XV,Em construção,Lançamento,23/05/2026,30/09/2029,57.0,1533980.0,13225.0,115.24,357.06,3.0,3.0,1.0,3.0,2.0,3.0,10.0,6.0,31,Residencial,Plaenge PR,Lançamento,24/06/2026 11:55:12,2026-06-29
41616,Zen,Curitiba,PR,Bigorrilho,Pronto novo,Pronto novo,01/03/2023,30/04/2026,11.0,7167267.27,35658.0,201.0,201.0,3.0,3.0,3.0,3.0,2.0,2.0,6.0,2.0,1,Residencial,Bidese,Lançamento,24/06/2026 11:55:03,2026-06-29
23534,Álamo,Curitiba,PR,Bigorrilho,Pronto novo,Pronto novo,11/06/2021,30/08/2023,40.0,2159000.0,16287.0,132.56,357.99,3.0,4.0,3.0,4.0,2.0,4.0,8.0,3.0,5,Residencial,Monarca,Lançamento,24/06/2026 11:41:30,2026-06-29
80198,Nilo,Curitiba,PR,Bom Retiro,Pronto novo,Pronto novo,01/11/2023,31/03/2026,36.0,225000.0,13620.0,16.52,22.99,1.0,1.0,0.0,0.0,0.0,0.0,4.0,9.0,5,Residencial,FWD Incorporadora,Lançamento,24/06/2026 00:48:42,2026-06-29
80457,Mugello,Curitiba,PR,Orleans,Pronto novo,Pronto novo,01/05/2024,31/05/2025,3.0,920000.0,5266.0,174.72,174.72,3.0,3.0,1.0,1.0,2.0,2.0,,,1,Residencial,Potenza Construções,Lançamento,24/06/2026 00:42:53,2026-06-29
53916,NIO,Curitiba,PR,Bigorrilho,Pronto novo,Pronto novo,01/12/2023,30/12/2025,36.0,3358000.0,19250.0,174.44,302.95,3.0,4.0,3.0,4.0,3.0,5.0,9.0,2.0,18,Residencial,Cima,Lançamento,23/06/2026 23:48:45,2026-06-29
74560,Orfeu,Curitiba,PR,Água Verde,Pronto novo,Pronto novo,24/09/2025,31/10/2025,27.0,1215634.82,14243.0,85.35,190.57,2.0,3.0,1.0,2.0,2.0,2.0,6.0,3.0,13,Residencial,Grupo Hestia,Lançamento,23/06/2026 23:46:26,2026-06-29
74586,Chronos,Curitiba,PR,Seminário,Em construção,Em construção,01/12/2023,30/07/2026,76.0,1494130.63,19840.0,75.31,200.43,2.0,3.0,1.0,1.0,2.0,3.0,8.0,5.0,48,Residencial,Grupo Hestia,Lançamento,23/06/2026 23:46:20,2026-06-29
4135,Infinite,Curitiba,PR,Cabral,Pronto novo,Pronto novo,01/12/2016,31/12/2019,28.0,3990000.0,18399.0,216.86,216.86,3.0,3.0,3.0,3.0,3.0,3.0,8.0,4.0,1,Residencial,Cima,Lançamento,23/06/2026 23:11:07,2026-06-29
21318,Aventus Residences,Curitiba,PR,Bigorrilho,Pronto novo,Pronto novo,01/06/2021,30/12/2022,37.0,2185000.0,15419.0,141.71,154.73,3.0,3.0,3.0,3.0,2.0,3.0,10.0,4.0,4,Residencial,Cima,Lançamento,23/06/2026 23:10:30,2026-06-29
71185,Casa Goinski,Curitiba,PR,Taboão,Pronto novo,Pronto novo,01/07/2024,30/09/2025,70.0,479682.0,3150.0,152.28,279.39,0.0,0.0,0.0,0.0,0.0,0.0,,,27,Residencial,B3P Incorporadora,Lançamento,23/06/2026 23:10:23,2026-06-29
54393,Aretha,Curitiba,PR,Rebouças,Pronto novo,Pronto novo,01/10/2023,29/01/2026,98.0,335300.0,13134.0,25.53,36.57,1.0,1.0,0.0,0.0,1.0,1.0,7.0,14.0,34,Residencial,Deborah Bassoli Empreendimentos,Lançamento,23/06/2026 23:08:54,2026-06-29
37103,Lemme,Curitiba,PR,Água Verde,Pronto novo,Pronto novo,17/11/2022,30/03/2026,45.0,2733965.87,20300.0,134.68,312.49,2.0,3.0,2.0,3.0,2.0,3.0,8.0,6.0,7,Residencial,Bidese,Lançamento,23/06/2026 23:08:43,2026-06-29
80194,Napoli,Curitiba,PR,Portão,Em construção,Em construção,01/12/2025,31/12/2027,58.0,216000.0,11453.0,18.86,43.15,1.0,1.0,0.0,0.0,0.0,0.0,8.0,12.0,26,Residencial,Spazio Construtora,Lançamento,23/06/2026 22:00:02,2026-06-29
80195,Firenze,Curitiba,PR,Seminário,Pronto novo,Pronto novo,01/12/2023,30/06/2025,22.0,790000.0,9931.0,79.55,142.08,3.0,3.0,3.0,3.0,2.0,3.0,6.0,4.0,3,Residencial,Spazio Construtora,Lançamento,23/06/2026 21:58:50,2026-06-29
49912,Nillo,Curitiba,PR,Bom Retiro,Em construção,Em construção,01/10/2023,30/06/2026,26.0,686000.0,12813.0,52.16,69.25,2.0,2.0,0.0,2.0,1.0,1.0,6.0,5.0,6,Residencial,Tricon,Lançamento,23/06/2026 10:12:59,2026-06-29
19676,Edifício Greca Tower,Curitiba,PR,Água Verde,Em construção,Em construção,01/08/2023,27/10/2027,34.0,2950000.0,18984.0,155.39,202.19,3.0,4.0,3.0,4.0,2.0,3.0,23.0,2.0,9,Residencial,Bouw,Lançamento,22/06/2026 22:07:36,2026-06-29
57969,OAK Curitiba,Curitiba,PR,Boa Vista,Em construção,Em construção,01/06/2024,28/06/2027,28.0,915300.0,10800.0,84.75,154.16,3.0,3.0,1.0,3.0,2.0,2.0,7.0,4.0,7,Residencial,Engsa,Lançamento,22/06/2026 20:13:39,2026-06-29
78839,Loom Stay,Curitiba,PR,Centro,Em construção,Lançamento,26/01/2026,30/08/2028,128.0,399000.0,13721.0,29.08,90.04,1.0,2.0,0.0,0.0,0.0,0.0,10.0,13.0,36,Residencial,Tricon,Lançamento,22/06/2026 20:02:48,2026-06-29
23240,MUV Residence,Curitiba,PR,Centro,Pronto novo,Pronto novo,01/09/2021,20/10/2024,334.0,319718.57,15634.0,20.45,36.91,1.0,1.0,0.0,1.0,0.0,0.0,18.0,24.0,24,Residencial,Alô Incorp,Lançamento,22/06/2026 19:20:49,2026-06-29
61185,Piazza di Roma,Curitiba,PR,Água Verde,Em construção,Em construção,01/12/2024,28/12/2028,87.0,369593.12,10861.0,29.53,127.35,1.0,2.0,0.0,1.0,0.0,0.0,15.0,9.0,49,Residencial,Alô Incorp,Lançamento,22/06/2026 19:14:46,2026-06-29
67310,Goa,Curitiba,PR,Água Verde,Em construção,Em construção,01/01/2025,30/07/2027,33.0,799000.0,12281.0,65.06,202.64,2.0,3.0,1.0,1.0,1.0,2.0,8.0,5.0,7,Residencial,Tricon,Lançamento,22/06/2026 18:10:54,2026-06-29
42229,Drop,Curitiba,PR,Alto da XV,Pronto novo,Pronto novo,06/04/2023,30/07/2025,28.0,590000.0,11225.0,52.56,52.73,2.0,2.0,1.0,1.0,1.0,1.0,8.0,4.0,4,Residencial,Auten,Lançamento,22/06/2026 18:08:45,2026-06-29
72965,Smart Living Portão,Curitiba,PR,Portão,Em construção,Lançamento,24/04/2026,31/03/2029,50.0,218746.0,12200.0,17.93,50.96,1.0,1.0,0.0,0.0,0.0,0.0,8.0,7.0,40,Residencial,Marvi Incorporadora,Lançamento,22/06/2026 15:22:27,2026-06-29
43505,Soul Urban Habitat,Curitiba,PR,Boa Vista,Em construção,Lançamento,01/01/2026,31/03/2028,21.0,909228.0,10200.0,89.14,172.86,3.0,3.0,1.0,3.0,1.0,2.0,7.0,3.0,12,Residencial,Engsa,Lançamento,22/06/2026 11:09:59,2026-06-29
68651,Tamoios,Curitiba,PR,Vila Izabel,Em construção,Em construção,15/04/2025,30/07/2027,28.0,1334485.73,13768.0,96.93,196.45,3.0,3.0,1.0,3.0,2.0,3.0,8.0,4.0,23,Residencial,Cosmos Incorporadora,Lançamento,22/06/2026 10:40:39,2026-06-29
25182,New.in,Curitiba,PR,Cidade Industrial,Pronto novo,Pronto novo,01/11/2021,30/11/2025,192.0,1248130.0,15942.0,78.04,78.29,2.0,2.0,1.0,1.0,1.0,1.0,26.0,8.0,4,Residencial,Vanguard PR,Lançamento,19/06/2026 17:50:06,2026-06-29
73318,Aya Amintas - Residencial,Curitiba,PR,Centro,Em construção,Em construção,10/09/2025,31/03/2030,489.0,357828.27,14250.0,23.84,50.52,1.0,2.0,0.0,2.0,0.0,0.0,29.0,19.0,123,Residencial,Blue,Lançamento,19/06/2026 17:47:59,2026-06-29
35909,Insight,Curitiba,PR,Vila Izabel,Em construção,Em construção,17/09/2022,30/06/2026,106.0,1381869.97,16671.0,82.89,94.93,2.0,3.0,1.0,1.0,1.0,1.0,21.0,6.0,6,Residencial,Vanguard PR,Lançamento,19/06/2026 17:47:42,2026-06-29
81870,Cena Passeio,Curitiba,PR,Centro,Em construção,Lançamento,26/05/2026,30/03/2030,264.0,284892.72,12856.0,21.14,44.44,1.0,2.0,0.0,1.0,0.0,1.0,24.0,12.0,111,Residencial,Blue,Lançamento,19/06/2026 17:47:33,2026-06-29
73776,Piemonte Alberi,Curitiba,PR,Cabral,Em construção,Em construção,07/08/2025,30/12/2029,75.0,2470936.0,16297.0,151.62,295.69,3.0,4.0,3.0,4.0,2.0,4.0,6.0,6.0,36,Residencial,Piemonte PR,Lançamento,19/06/2026 17:47:16,2026-06-29
73319,Aya Amintas - Lojas,Curitiba,PR,Centro,Em construção,Em construção,10/09/2025,31/03/2030,2.0,1460703.89,11610.0,125.81,373.98,0.0,0.0,0.0,0.0,0.0,0.0,1.0,2.0,2,Comercial,Blue,Lançamento,19/06/2026 17:09:19,2026-06-29
67311,Braz Haus,Curitiba,PR,São Braz,Pronto novo,Pronto novo,01/03/2025,31/01/2026,5.0,1390000.0,8555.0,162.48,199.15,3.0,3.0,3.0,3.0,2.0,2.0,,,4,Residencial,Nova SS Construções,Lançamento,19/06/2026 11:15:59,2026-06-29
61035,New England,Curitiba,PR,Novo Mundo,Pronto novo,Pronto novo,01/05/2023,28/07/2025,57.0,273000.0,12188.0,21.95,22.4,1.0,1.0,0.0,0.0,0.0,0.0,7.0,9.0,7,Residencial,Alcance Engenharia,Lançamento,19/06/2026 11:05:35,2026-06-29
80979,Manhattan Wall Street,Curitiba,PR,Alto da Glória,Em construção,Lançamento,01/03/2026,31/12/2029,136.0,235000.0,15083.0,15.58,30.55,1.0,1.0,0.0,0.0,0.0,0.0,6.0,26.0,132,Residencial,Manhattan Empreendimentos Imobiliários,Lançamento,19/06/2026 11:05:19,2026-06-29
70912,Manaii,Curitiba,PR,Boa Vista,Pronto novo,Pronto novo,01/06/2025,31/05/2026,5.0,919320.0,7544.0,121.86,122.71,3.0,3.0,1.0,1.0,2.0,2.0,,,3,Residencial,Alcance Engenharia,Lançamento,19/06/2026 10:04:22,2026-06-29
81212,Montreal,Curitiba,PR,Cristo Rei,Em construção,Lançamento,01/04/2026,30/04/2029,37.0,270167.0,13250.0,20.39,51.85,1.0,1.0,0.0,0.0,0.0,0.0,6.0,7.0,34,Residencial,Alcance Engenharia,Lançamento,18/06/2026 21:33:41,2026-06-29
64732,Wish Champagnat,Curitiba,PR,Bigorrilho,Em construção,Em construção,06/12/2024,28/07/2027,16.0,1719736.52,18830.0,91.33,231.93,2.0,3.0,2.0,3.0,2.0,3.0,6.0,3.0,4,Residencial,Vinci Empreendimentos,Lançamento,18/06/2026 15:26:36,2026-06-29
82550,Flow,Curitiba,PR,Bigorrilho,Em construção,Lançamento,01/06/2026,30/09/2028,41.0,340543.0,15035.0,22.65,35.4,1.0,1.0,0.0,0.0,0.0,0.0,6.0,10.0,38,Residencial,Vinci Empreendimentos,Lançamento,18/06/2026 10:04:06,2026-06-29
57702,Alameda Ecoville - Fase 1,Curitiba,PR,Campo Comprido,Em construção,Em construção,01/06/2025,01/07/2027,13.0,2190000.0,8561.0,255.8,255.82,3.0,3.0,3.0,3.0,2.0,2.0,,,8,Residencial,Tempos Incorporadora,Lançamento,17/06/2026 22:48:57,2026-06-29
36360,Oxygen,Curitiba,PR,Batel,Pronto novo,Pronto novo,01/09/2022,30/01/2025,64.0,585000.0,19275.0,30.35,53.91,1.0,1.0,0.0,0.0,0.0,1.0,8.0,8.0,2,Residencial,O3 Empreendimentos,Lançamento,17/06/2026 22:10:02,2026-06-29
65951,The Balance,Curitiba,PR,Bigorrilho,Em construção,Em construção,01/08/2024,28/08/2027,84.0,380000.0,17117.0,21.26,87.15,1.0,1.0,0.0,1.0,0.0,1.0,8.0,12.0,18,Residencial,O3 Empreendimentos,Lançamento,17/06/2026 21:54:52,2026-06-29
44711,Gaia,Curitiba,PR,Cabral,Em construção,Em construção,21/06/2023,31/08/2026,104.0,829748.0,11090.0,68.23,155.43,2.0,3.0,1.0,3.0,1.0,2.0,8.0,8.0,49,Residencial,Maken,Lançamento,17/06/2026 21:36:09,2026-06-29
53208,Belvedere Mercês,Curitiba,PR,Mercês,Pronto novo,Pronto novo,01/02/2024,30/07/2025,8.0,1899450.0,8117.0,234.0,234.0,3.0,3.0,3.0,3.0,2.0,2.0,,,4,Residencial,Tempos Incorporadora,Lançamento,17/06/2026 20:24:39,2026-06-29
74615,Tramontto,Curitiba,PR,Tingui,Em construção,Em construção,05/11/2025,31/12/2028,37.0,471175.63,8400.0,56.09,126.92,2.0,2.0,0.0,1.0,1.0,2.0,8.0,5.0,28,Residencial,Calure,Lançamento,17/06/2026 17:16:00,2026-06-29
76014,Apus,Curitiba,PR,Água Verde,Em construção,Em construção,15/12/2025,15/03/2028,30.0,712168.6,13228.0,45.86,146.79,1.0,3.0,0.0,2.0,1.0,3.0,8.0,5.0,14,Residencial,Maya Incorporadora,Lançamento,17/06/2026 16:41:58,2026-06-29
55356,Galliano 250,Curitiba,PR,Santa Felicidade,Em construção,Em construção,01/09/2023,30/09/2026,24.0,2480000.0,10384.0,238.83,295.05,3.0,4.0,3.0,4.0,3.0,3.0,,,6,Residencial,Medieval,Lançamento,17/06/2026 15:11:09,2026-06-29
66222,Vega Neoville,Curitiba,PR,Neoville,Em construção,Em construção,28/01/2025,28/12/2027,192.0,405111.81,8759.0,46.25,93.52,2.0,2.0,0.0,0.0,1.0,1.0,6.0,8.0,49,Residencial,Rottas Construtora,Lançamento,17/06/2026 14:46:10,2026-06-29
36358,Meo Neoville,Curitiba,PR,Cidade Industrial,Pronto novo,Pronto novo,01/10/2022,29/05/2026,336.0,510823.0,7647.0,66.8,70.08,2.0,2.0,1.0,1.0,1.0,1.0,6.0,8.0,4,Residencial,Rottas Construtora,Lançamento,17/06/2026 14:44:14,2026-06-29
44734,Meo Hauer,Curitiba,PR,Hauer,Pronto novo,Pronto novo,01/05/2023,29/05/2026,80.0,562855.0,8822.0,52.22,64.08,2.0,3.0,1.0,1.0,1.0,1.0,4.0,8.0,6,Residencial,Rottas Construtora,Lançamento,17/06/2026 14:43:37,2026-06-29
954,Workspace Brigadeiro,Curitiba,PR,Batel,Pronto novo,Pronto novo,28/02/2012,28/02/2015,159.0,743143.78,12400.0,59.93,60.53,0.0,0.0,0.0,0.0,0.0,1.0,20.0,12.0,2,Comercial,Invespark,Lançamento,17/06/2026 09:31:10,2026-06-29
75918,Arte Vert,Curitiba,PR,Água Verde,Em construção,Lançamento,27/02/2026,30/05/2028,36.0,948437.0,11642.0,81.47,204.2,2.0,4.0,2.0,4.0,2.0,3.0,8.0,5.0,11,Residencial,Artesa Construtora,Lançamento,17/06/2026 09:30:01,2026-06-29
76894,Gran Pallazo III,Curitiba,PR,Alto da XV,Em construção,Em construção,01/06/2025,20/12/2026,4.0,1519468.0,7288.0,199.41,219.18,3.0,3.0,3.0,3.0,1.0,2.0,,,3,Residencial,Arbo Empreendimentos,Lançamento,17/06/2026 09:13:20,2026-06-29
67931,Sense 1910,Curitiba,PR,Lindóia,Em construção,Em construção,11/08/2025,30/08/2027,46.0,195600.0,10322.0,18.62,40.79,1.0,1.0,0.0,0.0,0.0,0.0,6.0,8.0,33,Residencial,Benvecon,Lançamento,16/06/2026 22:29:05,2026-06-29
15068,Experience,Curitiba,PR,Ecoville,Pronto novo,Pronto novo,01/06/2020,31/03/2024,23.0,6554520.0,20471.0,320.18,320.18,4.0,4.0,4.0,4.0,4.0,4.0,23.0,1.0,1,Residencial,Plaenge PR,Lançamento,16/06/2026 22:28:45,2026-06-29
35952,Arte Acqua,Curitiba,PR,Água Verde,Pronto novo,Pronto novo,01/10/2022,02/06/2025,30.0,1188000.0,13207.0,89.95,213.28,2.0,3.0,1.0,3.0,2.0,3.0,8.0,4.0,3,Residencial,Artesa Construtora,Lançamento,16/06/2026 22:00:12,2026-06-29
73987,Vero,Curitiba,PR,Ahú,Em construção,Em construção,01/08/2025,30/04/2028,19.0,3131000.0,18861.0,166.0,417.0,2.0,4.0,2.0,4.0,2.0,4.0,4.0,5.0,11,Residencial,Giacomazzi,Lançamento,16/06/2026 19:20:20,2026-06-29
29354,Palm 235,Curitiba,PR,Alto da Glória,Pronto novo,Pronto novo,01/03/2022,01/03/2025,30.0,4671520.0,16587.0,281.64,281.64,4.0,4.0,2.0,2.0,4.0,4.0,8.0,4.0,1,Residencial,Plaenge PR,Lançamento,16/06/2026 18:40:39,2026-06-29
80094,Solare Di Vicenza,Curitiba,PR,Bacacheri,Pronto novo,Pronto novo,01/12/2022,01/05/2026,43.0,768875.47,11143.0,69.0,184.26,2.0,3.0,1.0,3.0,1.0,1.0,,,31,Residencial,MDI Construtora,Lançamento,16/06/2026 17:09:11,2026-06-29
56943,Guaraúna,Curitiba,PR,Juvevê,Em construção,Em construção,01/06/2024,28/09/2026,8.0,4100000.0,14488.0,210.0,283.0,2.0,3.0,2.0,3.0,3.0,4.0,8.0,1.0,2,Residencial,Giacomazzi,Lançamento,16/06/2026 17:04:22,2026-06-29
67312,Pilar TownHouse,Curitiba,PR,Pilarzinho,Pronto novo,Pronto novo,01/06/2024,30/07/2024,7.0,999000.0,7164.0,139.45,139.45,3.0,3.0,1.0,1.0,2.0,2.0,,,1,Residencial,Nova SS Construções,Lançamento,16/06/2026 16:50:43,2026-06-29
56173,Nizza,Curitiba,PR,Batel,Em construção,Em construção,28/03/2024,28/02/2027,21.0,3071198.0,22572.0,136.0,214.48,3.0,3.0,3.0,3.0,2.0,3.0,6.0,2.0,11,Residencial,Piemonte PR,Lançamento,16/06/2026 16:36:11,2026-06-29
76889,Gran Pallazo VI,Curitiba,PR,Jardim Social,Em construção,Em construção,01/11/2025,30/04/2027,7.0,1884450.0,8525.0,221.06,247.19,3.0,3.0,1.0,3.0,3.0,3.0,,,5,Residencial,Arbo Empreendimentos,Lançamento,16/06/2026 15:56:51,2026-06-29
76890,Gran Pallazo V,Curitiba,PR,Uberaba,Em construção,Em construção,01/11/2025,31/12/2026,7.0,797000.0,5046.0,121.86,157.95,3.0,3.0,1.0,1.0,1.0,1.0,,,6,Residencial,Arbo Empreendimentos,Lançamento,16/06/2026 15:53:10,2026-06-29
76892,Gran Pallazo IV,Curitiba,PR,Guabirotuba,Pronto novo,Pronto novo,01/07/2025,30/03/2026,4.0,1220000.0,7329.0,166.47,187.72,3.0,3.0,1.0,1.0,1.0,2.0,,,2,Residencial,Arbo Empreendimentos,Lançamento,16/06/2026 15:52:59,2026-06-29
61398,N.A.U Juvevê,Curitiba,PR,Juvevê,Em construção,Em construção,01/09/2024,30/05/2027,29.0,2009280.0,14684.0,136.83,243.01,3.0,3.0,3.0,3.0,2.0,3.0,8.0,4.0,15,Residencial,Maken,Lançamento,16/06/2026 08:24:17,2026-06-29
65600,El Arte Moradas Concepto,Curitiba,PR,Campo Comprido,Em construção,Em construção,01/09/2024,28/12/2027,62.0,870472.64,12722.0,68.42,242.78,2.0,3.0,1.0,3.0,1.0,2.0,6.0,12.0,21,Residencial,Inndesa Incorporadora,Lançamento,16/06/2026 00:46:48,2026-06-29
80196,Houston Residence,Curitiba,PR,Novo Mundo,Em construção,Em construção,01/09/2025,31/03/2028,52.0,229900.0,10128.0,22.59,39.48,1.0,1.0,0.0,0.0,0.0,0.0,8.0,7.0,28,Residencial,Jota2F Construtora,Lançamento,15/06/2026 19:39:25,2026-06-29
27171,Merizzo Residencial,Curitiba,PR,Capão Raso,Pronto novo,Pronto novo,01/12/2021,30/09/2024,38.0,,,,,,,,,,,8.0,5.0,0,Residencial,Thal Engenharia,Lançamento,15/06/2026 17:39:41,2026-06-29
36157,ÉQÜI,Curitiba,PR,Seminário,Em construção,Em construção,01/09/2022,20/12/2026,61.0,793910.12,11811.0,67.22,122.24,2.0,3.0,1.0,1.0,1.0,2.0,4.0,17.0,6,Residencial,Rottas Construtora,Lançamento,15/06/2026 17:12:49,2026-06-29
29743,Oasis,Curitiba,PR,Santa Cândida,Pronto novo,Pronto novo,01/11/2021,31/07/2025,49.0,899900.0,8035.0,112.0,112.0,3.0,3.0,1.0,1.0,2.0,2.0,,,8,Residencial,Inndesa Incorporadora,Lançamento,15/06/2026 16:34:59,2026-06-29
80197,Saint Augustine Studios,Curitiba,PR,Bacacheri,Em construção,Em construção,01/08/2025,31/08/2026,30.0,245000.0,11887.0,18.09,24.38,1.0,1.0,0.0,0.0,0.0,0.0,6.0,5.0,7,Residencial,Jota2F Construtora,Lançamento,15/06/2026 10:37:23,2026-06-29
80452,Interlakes,Curitiba,PR,Vila Izabel,Pronto novo,Pronto novo,01/03/2023,31/08/2024,4.0,,,,,,,,,,,,,0,Residencial,Potenza Construções,Lançamento,15/06/2026 10:30:04,2026-06-29
50108,Aurea 777,Curitiba,PR,Bigorrilho,Em construção,Em construção,01/11/2023,30/06/2026,18.0,2399000.0,17801.0,134.77,224.96,3.0,3.0,3.0,3.0,2.0,3.0,10.0,2.0,5,Residencial,Opera Prima,Lançamento,14/06/2026 07:51:18,2026-06-29
36012,Terrasse Cadeaux,Curitiba,PR,Ahú,Pronto novo,Pronto novo,01/08/2022,31/07/2025,45.0,1080000.0,14110.0,76.54,130.65,2.0,3.0,1.0,3.0,2.0,2.0,7.0,6.0,10,Residencial,Terrasse,Lançamento,13/06/2026 09:03:31,2026-06-29
81350,Aureo,Curitiba,PR,Bigorrilho,Em construção,Lançamento,,,,2899000.0,17821.0,162.67,387.39,3.0,4.0,2.0,4.0,2.0,4.0,10.0,2.0,13,Residencial,Opera Prima,Lançamento,13/06/2026 07:44:23,2026-06-29
30135,Monte Carlo,Curitiba,PR,Tingui,Pronto novo,Pronto novo,01/07/2022,30/07/2023,10.0,849000.0,6021.0,141.0,268.0,3.0,4.0,1.0,3.0,1.0,5.0,,,4,Residencial,Tempos Incorporadora,Lançamento,12/06/2026 22:03:50,2026-06-29
21173,Terrasse Mouvement,Curitiba,PR,Cabral,Pronto novo,Pronto novo,01/06/2021,30/12/2024,34.0,1299000.0,13040.0,99.62,100.35,3.0,3.0,1.0,1.0,2.0,2.0,19.0,2.0,12,Residencial,Terrasse,Lançamento,12/06/2026 21:50:23,2026-06-29
36011,Terrasse Lilas,Curitiba,PR,Ahú,Pronto novo,Pronto novo,01/10/2022,30/07/2025,23.0,1570000.0,12538.0,115.87,125.22,3.0,3.0,1.0,1.0,2.0,3.0,7.0,3.0,11,Residencial,Terrasse,Lançamento,12/06/2026 21:49:40,2026-06-29
24045,Varanda Barigui - Residencial,Curitiba,PR,Champagnat,Pronto novo,Pronto novo,01/10/2021,31/08/2025,44.0,2844728.32,17330.0,164.15,260.23,3.0,3.0,3.0,3.0,3.0,4.0,25.0,2.0,13,Residencial,Invescon,Lançamento,12/06/2026 16:48:07,2026-06-29
64623,Palazzo Saldanha,Curitiba,PR,Centro,Pronto novo,Pronto novo,01/01/2024,28/02/2024,9.0,2161100.0,17330.0,124.7,194.91,2.0,3.0,2.0,3.0,2.0,2.0,9.0,2.0,2,Residencial,Pride,Lançamento,12/06/2026 16:15:59,2026-06-29
71657,Zurich,Curitiba,PR,Bacacheri,Em construção,Em construção,01/06/2025,30/09/2027,53.0,265727.0,11174.0,23.43,54.52,1.0,1.0,0.0,0.0,0.0,1.0,6.0,11.0,34,Residencial,Alcance Engenharia,Lançamento,12/06/2026 12:38:28,2026-06-29
67313,Residencial NMS,Curitiba,PR,Atuba,Pronto novo,Pronto novo,01/06/2024,30/07/2024,4.0,620000.0,5987.0,103.56,104.69,3.0,3.0,1.0,1.0,2.0,2.0,,,3,Residencial,Nova SS Construções,Lançamento,12/06/2026 09:43:51,2026-06-29
64298,Réve,Curitiba,PR,Centro Cívico,Em construção,Em construção,01/10/2024,28/04/2028,147.0,927967.54,12785.0,71.75,282.1,2.0,3.0,1.0,3.0,1.0,3.0,10.0,16.0,47,Residencial,Riskalla,Lançamento,12/06/2026 08:52:36,2026-06-29
53206,Terrasse Infini - Comercial,Curitiba,PR,Água Verde,Em construção,Em construção,,,,465000.0,11689.0,39.78,72.28,0.0,0.0,0.0,0.0,0.0,0.0,3.0,16.0,8,Comercial,Terrasse,Lançamento,12/06/2026 08:51:52,2026-06-29
53204,Terrasse Infini - Residencial,Curitiba,PR,Água Verde,Em construção,Em construção,01/12/2023,31/05/2028,105.0,1040000.0,13277.0,78.33,113.67,2.0,3.0,1.0,2.0,1.0,2.0,27.0,5.0,38,Residencial,Terrasse,Lançamento,12/06/2026 08:51:03,2026-06-29
21170,Terrasse Jeune,Curitiba,PR,Juvevê,Pronto novo,Pronto novo,01/12/2020,30/12/2023,20.0,,,,,,,,,,,7.0,3.0,0,Residencial,Terrasse,Lançamento,12/06/2026 08:50:57,2026-06-29
54968,Terrasse Joie,Curitiba,PR,Boa Vista,Em construção,Em construção,01/01/2024,30/12/2027,82.0,831000.0,12057.0,68.92,161.21,2.0,3.0,1.0,1.0,1.0,2.0,7.0,11.0,37,Residencial,Terrasse,Lançamento,12/06/2026 08:50:31,2026-06-29
77172,Quintal do Paiol,Curitiba,PR,Rebouças,Em construção,Em construção,01/11/2025,31/08/2028,52.0,240000.0,10671.0,22.49,22.77,1.0,1.0,0.0,0.0,0.0,0.0,4.0,13.0,34,Residencial,Reus Construtora,Lançamento,11/06/2026 21:58:41,2026-06-29
16647,One House,Curitiba,PR,Novo Mundo,Pronto novo,Pronto novo,01/04/2020,31/10/2023,194.0,347900.0,11817.0,29.28,35.23,1.0,1.0,1.0,1.0,0.0,0.0,8.0,26.0,6,Residencial,Basesul,Lançamento,11/06/2026 21:50:04,2026-06-29
82450,Plus Portão - Comercial,Curitiba,PR,Portão,Pronto novo,Pronto novo,01/03/2022,30/09/2025,3.0,353000.0,7077.0,49.88,370.93,0.0,0.0,0.0,0.0,0.0,4.0,,,3,Comercial,Blue,Lançamento,11/06/2026 21:14:49,2026-06-29
82238,Plus Portão - Lojas,Curitiba,PR,Portão,Pronto novo,Pronto novo,01/03/2022,30/09/2025,1.0,2250000.0,7500.0,300.0,300.0,0.0,0.0,0.0,0.0,6.0,6.0,,,1,Comercial,Blue,Lançamento,11/06/2026 21:14:01,2026-06-29
63588,Aya Carlos de Carvalho - Residencial,Curitiba,PR,Centro,Em construção,Em construção,,,,418164.76,16360.0,24.28,49.25,1.0,1.0,0.0,1.0,0.0,0.0,32.0,38.0,258,Residencial,Blue,Lançamento,11/06/2026 21:08:55,2026-06-29
74356,Platea 19,Curitiba,PR,Centro,Em construção,Em construção,01/04/2025,31/05/2028,112.0,348908.39,14311.0,24.38,52.27,1.0,1.0,0.0,0.0,0.0,0.0,16.0,8.0,12,Residencial,108 Incorporações,Lançamento,11/06/2026 19:19:26,2026-06-29
73076,Hagen Residencial,Curitiba,PR,Capão Raso,Em construção,Em construção,01/09/2025,30/09/2028,54.0,262416.0,10650.0,24.64,72.64,1.0,3.0,0.0,1.0,0.0,1.0,6.0,9.0,40,Residencial,USC Fernandes,Lançamento,11/06/2026 15:58:38,2026-06-29
67182,Ara,Curitiba,PR,Água Verde,Em construção,Em construção,10/04/2025,01/07/2028,40.0,895520.02,11698.0,76.27,255.19,2.0,3.0,1.0,3.0,1.0,4.0,7.0,6.0,26,Residencial,Veres,Lançamento,11/06/2026 15:20:45,2026-06-29
80385,Terrasse La Vie,Curitiba,PR,Água Verde,Em construção,Lançamento,01/03/2026,31/03/2030,89.0,918000.0,12741.0,71.72,177.16,2.0,3.0,1.0,1.0,1.0,2.0,7.0,12.0,83,Residencial,Terrasse,Lançamento,11/06/2026 13:58:41,2026-06-29
58546,AN Metropolitan - Lojas,Curitiba,PR,Centro,Em construção,Em construção,01/01/2024,28/12/2029,1.0,1992000.0,12000.0,166.0,166.0,0.0,0.0,0.0,0.0,0.0,0.0,1.0,1.0,1,Comercial,Anton Incorporações,Lançamento,11/06/2026 12:08:34,2026-06-29
58540,AN Metropolitan - Residencial,Curitiba,PR,Centro,Em construção,Em construção,01/01/2024,28/06/2029,216.0,298799.07,12645.0,23.45,30.3,1.0,1.0,0.0,0.0,0.0,0.0,30.0,8.0,27,Residencial,Anton Incorporações,Lançamento,11/06/2026 12:08:19,2026-06-29
74103,Paros Residencial,Curitiba,PR,Alto Boqueirão,Pronto novo,Pronto novo,29/01/2026,30/01/2026,6.0,525300.0,5921.0,88.45,88.72,3.0,3.0,1.0,1.0,1.0,1.0,,,3,Residencial,USC Fernandes,Lançamento,11/06/2026 09:03:54,2026-06-29
51193,Dom Gabardo,Curitiba,PR,Capão Raso,Pronto novo,Pronto novo,02/10/2023,28/02/2025,22.0,791250.0,7993.0,85.97,98.99,2.0,3.0,1.0,1.0,1.0,1.0,5.0,5.0,4,Residencial,USC Fernandes,Lançamento,11/06/2026 09:02:10,2026-06-29
74408,Nox Residence,Curitiba,PR,Juvevê,Pronto novo,Pronto novo,01/03/2019,30/08/2021,22.0,,,,,,,,,,,4.0,6.0,0,Residencial,Zelta,Lançamento,11/06/2026 09:01:24,2026-06-29
29103,Heart Urban Habitat,Curitiba,PR,Santa Felicidade,Pronto novo,Pronto novo,30/07/2022,30/05/2025,26.0,799900.0,9290.0,86.1,86.1,3.0,3.0,1.0,1.0,2.0,2.0,3.0,5.0,1,Residencial,Hype,Lançamento,11/06/2026 08:57:20,2026-06-29
37099,One Life,Curitiba,PR,Portão,Pronto novo,Pronto novo,01/11/2022,31/03/2026,504.0,323550.0,18394.0,16.74,30.17,1.0,1.0,0.0,0.0,0.0,0.0,20.0,36.0,15,Residencial,Basesul,Lançamento,10/06/2026 21:26:49,2026-06-29
31186,Luna Luz do Cabral,Curitiba,PR,Cabral,Pronto novo,Pronto novo,01/07/2021,30/11/2023,42.0,1388000.0,14699.0,94.43,94.43,3.0,3.0,1.0,1.0,2.0,2.0,8.0,6.0,1,Residencial,Maken,Lançamento,10/06/2026 19:20:21,2026-06-29
47222,Auth,Curitiba,PR,Centro Cívico,Em construção,Em construção,01/09/2023,30/07/2026,60.0,877640.46,15088.0,58.17,237.58,1.0,3.0,1.0,3.0,1.0,2.0,7.0,8.0,11,Residencial,Vanguard PR,Lançamento,10/06/2026 16:29:52,2026-06-29
74409,Curí 1615,Curitiba,PR,Juvevê,Em construção,Em construção,01/06/2024,31/08/2026,41.0,472516.38,14241.0,33.18,148.0,1.0,2.0,0.0,2.0,0.0,1.0,4.0,11.0,24,Residencial,Zelta,Lançamento,10/06/2026 16:12:53,2026-06-29
26297,Chateau Latour,Curitiba,PR,Seminário,Pronto novo,Pronto novo,01/10/2019,31/12/2023,107.0,1383000.0,14352.0,95.44,263.66,2.0,3.0,1.0,3.0,2.0,5.0,8.0,5.0,23,Residencial,Homs Incorporadora,Lançamento,10/06/2026 14:54:31,2026-06-29
57486,Terrasse Magique,Curitiba,PR,Portão,Em construção,Em construção,01/07/2024,31/07/2028,102.0,804000.0,11959.0,67.01,124.77,2.0,3.0,1.0,1.0,1.0,2.0,18.0,6.0,52,Residencial,Terrasse,Lançamento,10/06/2026 14:38:48,2026-06-29
37863,Terrasse Nature,Curitiba,PR,Santo Inácio,Pronto novo,Pronto novo,02/01/2023,30/04/2026,24.0,2363000.0,16516.0,143.07,386.78,3.0,3.0,3.0,3.0,2.0,4.0,3.0,4.0,15,Residencial,Terrasse,Lançamento,10/06/2026 14:38:39,2026-06-29
55584,Nest,Curitiba,PR,Alto da Rua XV,Em construção,Em construção,23/03/2024,30/07/2027,92.0,1115669.0,13139.0,84.03,216.93,2.0,3.0,1.0,3.0,1.0,3.0,8.0,6.0,23,Residencial,Vanguard PR,Lançamento,10/06/2026 12:15:33,2026-06-29
80225,Moov - Breve Lançamento,Curitiba,PR,Bigorrilho,Em construção,Lançamento,01/09/2026,30/06/2029,0.0,0.1,0.0,16.45,44.81,1.0,1.0,0.0,0.0,0.0,0.0,8.0,12.0,1,Residencial,Basesul,Lançamento,10/06/2026 09:30:05,2026-06-29
52020,Qoya Residence Curio Collection by Hilton,Curitiba,PR,Batel,Em construção,Em construção,01/10/2023,30/11/2027,127.0,1002342.0,21491.0,46.64,166.25,1.0,3.0,0.0,3.0,1.0,2.0,26.0,15.0,39,Residencial,Piemonte PR,Lançamento,10/06/2026 09:07:58,2026-06-29
78016,Reserva Origens Ristreto,Curitiba,PR,Campo de Santana,Em construção,Em construção,01/09/2025,30/06/2027,43.0,246189.0,1338.0,165.65,184.02,0.0,0.0,0.0,0.0,0.0,0.0,,,2,Residencial,Piemonte PR,Lançamento,10/06/2026 08:58:24,2026-06-29
68973,Atmos Ecoville,Curitiba,PR,Ecoville,Em construção,Em construção,30/05/2025,28/02/2028,37.0,2532264.26,12502.0,201.53,206.9,3.0,3.0,3.0,3.0,2.0,2.0,,,17,Residencial,CGL,Lançamento,10/06/2026 08:36:46,2026-06-29
54810,Ambar,Curitiba,PR,Santa Felicidade,Em construção,Em construção,01/05/2024,30/04/2027,38.0,2874228.51,11415.0,251.8,264.49,3.0,3.0,3.0,3.0,3.0,3.0,,,11,Residencial,CGL,Lançamento,10/06/2026 08:00:03,2026-06-29
72974,Aion,Curitiba,PR,Batel,Em construção,Em construção,18/09/2025,31/12/2028,18.0,2473360.0,17200.0,143.8,286.3,3.0,4.0,3.0,4.0,3.0,6.0,10.0,2.0,9,Residencial,Riskalla,Lançamento,10/06/2026 07:58:14,2026-06-29
56354,Ágon Residence,Curitiba,PR,Água Verde,Em construção,Em construção,20/04/2024,30/04/2027,61.0,2058130.0,15143.0,129.59,135.91,3.0,3.0,1.0,3.0,2.0,2.0,8.0,2.0,4,Residencial,Plaenge PR,Lançamento,10/06/2026 07:01:03,2026-06-29
68270,Pulse,Curitiba,PR,Água Verde,Em construção,Em construção,21/09/2024,30/06/2028,116.0,996622.79,12563.0,79.33,236.72,1.0,3.0,1.0,1.0,1.0,2.0,23.0,6.0,20,Residencial,Vanguard PR,Lançamento,09/06/2026 21:56:21,2026-06-29
80143,Vista São Lourenço,Curitiba,PR,São Lourenço,Em construção,Lançamento,15/04/2026,31/03/2029,30.0,1128000.0,12364.0,91.22,209.71,2.0,3.0,1.0,3.0,1.0,2.0,4.0,8.0,23,Residencial,Capoani,Lançamento,09/06/2026 21:00:32,2026-06-29
62411,Costa Ecoville,Curitiba,PR,Campo Comprido,Em construção,Em construção,01/08/2024,31/01/2027,40.0,614737.0,13249.0,46.11,148.1,1.0,3.0,0.0,1.0,1.0,2.0,5.0,8.0,10,Residencial,MB Costa Incorporadora,Lançamento,09/06/2026 20:49:44,2026-06-29
38822,Zenith Barigui,Curitiba,PR,Santo Inácio,Pronto novo,Pronto novo,01/11/2022,30/09/2025,21.0,3080000.0,12020.0,243.25,256.25,3.0,4.0,2.0,3.0,2.0,2.0,,,5,Residencial,CGL,Lançamento,09/06/2026 20:47:18,2026-06-29
71480,Hytte,Curitiba,PR,Campina do Siqueira,Em construção,Em construção,01/05/2025,30/09/2028,149.0,1157709.8,13850.0,82.52,236.33,2.0,3.0,1.0,3.0,1.0,3.0,8.0,8.0,59,Residencial,Vanguard PR,Lançamento,09/06/2026 20:42:53,2026-06-29
75845,Terracota,Curitiba,PR,Ecoville,Em construção,Em construção,15/11/2025,31/12/2028,43.0,1241344.85,12110.0,102.51,243.97,3.0,3.0,1.0,3.0,2.0,2.0,6.0,8.0,21,Residencial,CGL,Lançamento,09/06/2026 19:41:56,2026-06-29
49833,House Ecoville,Curitiba,PR,Campo Comprido,Pronto novo,Pronto novo,01/10/2023,30/03/2026,35.0,1563520.0,7885.0,198.29,198.29,3.0,3.0,1.0,1.0,2.0,2.0,,,5,Residencial,CGL,Lançamento,09/06/2026 19:01:53,2026-06-29
63515,La Dolce Vista,Curitiba,PR,Tingui,Em construção,Em construção,01/02/2025,28/12/2027,28.0,390000.0,8502.0,45.87,97.69,2.0,2.0,0.0,1.0,1.0,1.0,6.0,5.0,15,Residencial,Thal Engenharia,Lançamento,09/06/2026 18:06:37,2026-06-29
68408,Madrid,Curitiba,PR,Boqueirão,Em construção,Em construção,01/10/2025,31/12/2028,16.0,509000.0,7956.0,63.65,117.29,3.0,3.0,1.0,1.0,1.0,1.0,4.0,6.0,14,Residencial,Reus Construtora,Lançamento,09/06/2026 16:25:08,2026-06-29
50477,Bruder,Curitiba,PR,Jardim das Américas,Pronto novo,Pronto novo,01/08/2023,30/09/2024,3.0,1350000.0,6482.0,208.28,208.28,3.0,3.0,3.0,3.0,2.0,2.0,,,2,Residencial,Reus Construtora,Lançamento,09/06/2026 16:24:36,2026-06-29
54011,Barcelona,Curitiba,PR,Hauer,Pronto novo,Pronto novo,01/02/2024,30/11/2025,15.0,559000.0,8227.0,67.95,67.95,3.0,3.0,1.0,1.0,1.0,1.0,4.0,5.0,1,Residencial,Reus Construtora,Lançamento,09/06/2026 16:23:59,2026-06-29
68212,Átrio,Curitiba,PR,Ecoville,Em construção,Em construção,23/11/2024,30/08/2028,49.0,2816720.0,16446.0,170.82,239.59,3.0,3.0,3.0,3.0,3.0,3.0,26.0,2.0,20,Residencial,Plaenge PR,Lançamento,09/06/2026 14:41:50,2026-06-29
28283,Croma,Curitiba,PR,Bigorrilho,Pronto novo,Pronto novo,01/01/2022,31/03/2026,227.0,872650.0,12477.0,68.26,154.13,2.0,3.0,1.0,3.0,1.0,2.0,15.0,9.0,25,Residencial,Piemonte PR,Lançamento,09/06/2026 14:19:47,2026-06-29
76245,London Life,Londrina,PR,Cilo 3,Em construção,Em construção,01/12/2025,30/05/2029,336.0,245200.0,6208.0,39.5,39.5,2.0,2.0,0.0,0.0,1.0,1.0,7,4,1,Residencial,Pride,Lançamento,29/06/2026 10:12:48,2026-06-29
65461,London Plaza,Londrina,PR,Cilo 3,Em construção,Em construção,01/11/2024,28/04/2028,392.0,243000.0,6152.0,39.5,39.5,2.0,2.0,0.0,0.0,1.0,1.0,7,4,101,Residencial,Pride,Lançamento,29/06/2026 09:52:35,2026-06-29
68719,Solare Essenza,Londrina,PR,Jardim Nova Esperança,Em construção,Em construção,30/05/2025,30/11/2028,440.0,215300.0,6011.0,35.82,35.82,2.0,2.0,0.0,0.0,1.0,1.0,10,4,213,Residencial,Pride,Lançamento,29/06/2026 09:25:01,2026-06-29
70223,Felicce,Londrina,PR,Vista Bela,Em construção,Em construção,01/06/2025,29/06/2028,392.0,227800.0,6360.0,35.82,48.99,2.0,2.0,0.0,0.0,1.0,1.0,7,4,177,Residencial,Pride,Lançamento,29/06/2026 08:37:57,2026-06-29
77790,Solare Fiore - Fase 1,Londrina,PR,Nova Esperança,Em construção,Em construção,01/12/2025,30/05/2029,400.0,214500.0,5988.0,35.82,35.82,2.0,2.0,0.0,0.0,1.0,1.0,10,4,1,Residencial,Pride,Lançamento,29/06/2026 07:49:38,2026-06-29
69088,Porto Horizonte,Londrina,PR,Conjunto Habitacional Jamile Dequech,Em construção,Em construção,01/06/2024,30/06/2026,240.0,248409.0,5837.0,42.56,42.56,2.0,2.0,0.0,0.0,0.0,0.0,4,4,4,Residencial,Rottas Construtora,Lançamento,05/06/2026 13:31:54,2026-06-29
65417,Sonne,Londrina,PR,Cilo 3,Em construção,Em construção,01/07/2024,28/10/2027,364.0,,,,,,,,,,,7,4,0,Residencial,Pride,Lançamento,03/06/2026 06:32:06,2026-06-29
65459,London Blue - Fase 2,Londrina,PR,Vista Bela,Pronto novo,Pronto novo,01/03/2023,28/03/2025,140.0,,,,,,,,,,,7,4,0,Residencial,Pride,Lançamento,01/06/2026 14:21:23,2026-06-29
65460,London Blue - Fase 1,Londrina,PR,Vista Bela,Pronto novo,Pronto novo,01/11/2024,28/03/2025,140.0,,,,,,,,,,,7,4,0,Residencial,Pride,Lançamento,22/05/2026 15:43:11,2026-06-29
65457,London Red - Fase 2,Londrina,PR,Vista Bela,Pronto novo,Pronto novo,01/11/2022,28/12/2024,140.0,,,,,,,,,,,7,4,0,Residencial,Pride,Lançamento,22/05/2026 15:43:11,2026-06-29
65458,London Red - Fase 1,Londrina,PR,Vista Bela,Pronto novo,Pronto novo,02/07/2022,28/12/2024,140.0,,,,,,,,,,,7,4,0,Residencial,Pride,Lançamento,22/05/2026 15:43:11,2026-06-29
65462,Bliss,Londrina,PR,Cilo 3,Em construção,Em construção,01/05/2024,28/03/2027,336.0,,,,,,,,,,,7,4,0,Residencial,Pride,Lançamento,22/05/2026 15:43:11,2026-06-29
69090,Porto Reserva,Londrina,PR,Conjunto Habitacional Jamile Dequech,Pronto novo,Pronto novo,23/04/2023,31/07/2025,240.0,,,,,,,,,,,4,4,0,Residencial,Rottas Construtora,Lançamento,10/03/2026 10:58:26,2026-06-29
